description,category
FIEBRE DE MALTA 3,""
UBER TRIP BTCWX HELP,""
STARBUCKS STORE 19090,""
DEB. CAMBIOSST....767366,""
RETIRO BANRED DISPENSADOR 960069TRX:726389 SUC:27 DISP:29 4/78603 TARJ:XX0538,""
DEB. CAMBIOSST....018923,""
LANCHILE AIR045TEL,""
SUELDOS 389699TT RECIBIDA /PYXIS S.A. /FLORENCIO ESCARD,""
UBER UY APR26 7BUB6,""
DEB. CAMBIOSST....673071,""
DEB. CAMBIOSST....967406,""
UBER TRIP UE43I HELP,""
UBER UY FEB13 CD6HC,""
UBER TRIP EHWK5 HELP,""
ANCAP ALBA ALONSO E HIMONTEVID,""
CAFETERIA HOSPITAL BRITAN,""
PANADERIA AVRIL,""
DECRETO NATURAL CUOTA 01/03,""
TRASPASO DE 8780825ILINK,""
SCHOOL LAND,""
LOJAS RENNER,""
UBER UY TZXCP HELP.U,""
DEB. CAMBIOSST....102135,""
DEB. VARIOS AUXICR 18/03,""
DEB. CAMBIOSST....205847,""
DEB.CONTRATO5610682 002,""
DEB. CAMBIOSST....068439,""
DEB. CAMBIOSST....116255,""
DEBITO A CONFIRMAR BANRED COMPRA 678137 - 800-592-8996/UBR* PENDING.UBER.COMVIEI -,""
T350 AEROPUERTO CMDX,""
REDIVA 19210A LO CUBANO,""
DEB. CAMBIOSST....767366,""
GOOGLE *IRONHIDE,""
DEB. CAMBIOSCOMI..069149,""
DEB.CONTRATO3085245 055,""
DOMINIOIT,""
RETIRO BANRED DISPENSADOR 962499TRX:296795 SUC:67 DISP:51 16/5100579580 TARJ:XX7110,""
SPORT CITY,""
DEB. CAMBIOSST....655890,""
REDIVA 19210LOS TROVADOR,""
CRE. CAMBIOSOP....868621,""
RETIRO BANRED DISPENSADOR 003357TRX:5027411 SUC:71 DISP:1 4/376728 TARJ:XX6540,""
DEB. CAMBIOSST....144943,""
REDIVA 19210ANTEL101O733,""
LA 17 RESTAURANT,""
DEB. CAMBIOSST....623553,""
DEB. CAMBIOSST....526086,""
CRE. CAMBIOSOP....030136,""
DEB. CAMBIOSST....917829,""
TRASPASO DE 8435748ILINK,""
PAYPAL *KAVAFES,""
REDIVA 19210HB3612172,""
DEB. CAMBIOSST....972691,""
RETIRO DE CA CAJERO BANELCO,""
DEB. CAMBIOSST....122410,""
SIM STORE NASM,""
COMPENSACION ENTE MO,""
REDIVA 19210ANTEL101J146,""
RETIRO EFECTIVO DISPENSADOR 365709TRX:00236397_02 SUC:62 CTA:16/5100021104,""
DEB. CAMBIOSST....042055,""
FACEBK *AZ79FF6KE2,""
DEB. CAMBIOSST....052575,""
UBER UY OCT25 HDUYA,""
UBER TRIP 4NWL2 HELP,""
TRASPASO DE 5292563ILINK,""
AMAZON SERVICES-KIND,""
IVA FACTURA NUMERO A98,""
DEB.CONTRATO5585970 014,""
PAGO DE FACTURA 054766 ANTEL_B ANTEL FACT. 101G7089042,""
F Y F HOSTEL,""
PUERTO PALERMO,""
DEB. CAMBIOSST....272370,""
DEB. CAMBIOSST....472395,""
EMPANADAS D LA RIBER,""
STARBUCKS GIFT CARD*9333B22E930B4A818E4F,""
STARBUCKS GIFT CARD*0A547DAC85024E0C9B18,""
STARBUCKS GIFT CARD*EC9D3227BFEE4E28B8D2,""
REDIVA 19210CHARLIE,""
SLS HOTEL SOUTH BEAC,""
UBER UY OCT04 4DRYC,""
REDIVA 17934MOSTRADOR SA,""
UBER UY OCT24 RLOYQ,""
CHEQUE P/CAJA 361371TRX:00444952 SUC:27 CTA:4/78603,""
COPENHAGUE,""
HOTEL ROYAL,""
DEB.CONTRATO5634640 006,""
DEB. CAMBIOSST....822011,""
REDIVA 19210ANTEL101H380,""
DEB. CAMBIOSST....489278,""
DEB. CAMBIOSST....899069,""
REDIVA 19210EL RANCHO,""
REDIVA 19210TIENDA NATUR,""
OPTICA MEERHOFF,""
DEB. CAMBIOSST....493465,""
STARBUCKS STORE 07988,""
SUELDOS 382438TT RECIBIDA /PYXIS S.A. /FLORENCIO ESCARD,""
SINERGIA CAMPUS,""
UBER UY MAR19 HAULW,""
RESTORAN LAVENDER TE,""
UBER UY SEP09 SNREV HELP.,""
DEB. CAMBIOSST....207601,""
UBER UY AUG15 ANM4J HELP.,""
COFFEE SHOP TAQUERIA,""
UBER UY OCT19 N6LWD,""
UBER UY OCT06 PLV4W,""
RETIRO BANRED DISPENSADOR 965983TRX:409922 SUC:27 DISP:29 4/78603 TARJ:XX0538,""
DEB. VARIOS CBIO00759652,""
UBER UY OCT13 5O7MF HELP.,""
DEB. CAMBIOSST....725520,""
DEB.CONTRATO4799424 009,""
RETIRO BANRED DISPENSADOR 960925TRX:239389 SUC:17 DISP:40 70/5200185511 TARJ:XX3636,""
DEB. CAMBIOSST....712077,""
UBER UY NNNPX HELP.U,""
PAYPAL *MM ELECTRON,""
DEB. CAMBIOSST....766351,""
DEB. CAMBIOSST....534774,""
UBER SEP20 E3YJ6 HELP.UBE,""
DEB. CAMBIOSST....907576,""
EL TOBOSO,""
DEB.CONTRATO5709910 002,""
REDIVA 19210KANATA,""
DEPOSITOS INTELIGENTES ATM,""
RETIRO BANRED DISPENSADOR 963617TRX:710196 SUC:27 DISP:29 4/78603 TARJ:XX0538,""
UBER TRIP CYCRZ HELP.UBER,""
DEB. CAMBIOSST....990407,""
EDREAMS*4A4040219E5C44C89F27,""
EDREAMS*5F19EE03A48E4EC383B2,""
EDREAMS*691C07F4FA0A4AB39581,""
RETIRO BANRED DISPENSADOR 960097TRX:278175 SUC:27 DISP:29 4/78603 TARJ:XX0538,""
DEB. CAMBIOSST....495465,""
-KIWI.COM-,""
EL REY DEL COTI CUOTA 01/02,""
VERA LARRAMENDY DISE,""
DEB. CAMBIOSST....455679,""
DEBITO A CONFIRMAR BANRED COMPRA 036234 - 9829089080/CHIVITERIA MARCOS POCVIS3 -,""
DEB. CAMBIOSST....950683,""
CLUB BIGUA,""
UBER UY MAR14 4EPYL,""
UBER UY FEB12 QUMTC,""
UBER TRIP 5X6VJ HELP.UHELP.UBE,""
UBER TRIP ODQ4P HELP,""
UBER UY AUG25 7DRX4,""
CRE. CAMBIOSOP....428869,""
FABRICA DE PASTAS LA PMONTEVID,""
MERCADOLIBRE*358CCBE57CDE4D5DA5C6,""
MERCADOLIBRE*30C84AAC434045678E5F,""
MERCADOLIBRE*BE37A08D66564344982F,""
DEB. CAMBIOSST....889620,""
AVIS RENT A CAR CUOTA 03/03,""
ANULACION DE PAGOS,""
GIRO DIDACTICO MAESTRO,""
DEB. CAMBIOSST....979900,""
DEB. CAMBIOSST....129262,""
DEB. CAMBIOSCOMI..579205,""
BOUTIQUE MUY PERSONAL,""
UBER TRIP BPNHX HELP.UBER,""
GAME.CO.ZA*3DE36F4B02BD49A98CA9,""
DEB. CAMBIOSST....761857,""
UBER UY JUL01 AHS6C,""
CRE. CAMBIOSOP....755440,""
ANGUS GRILL,""
REDIVA 19210TODO CONTROL,""
UBER UY APR10 T3UHR HELP.,""
DEB. CAMBIOSST....044788,""
UBER TRIP NUX3U HELP,""
CH DEVUELTO 04132654-57,""
KONICHI-WA,""
DEB. CAMBIOSST....216216,""
ULPIANO PARRILLA Y RESTO,""
PORTO SEGURO SEGUROS,""
DEB. CAMBIOSST....887925,""
UBER UY JUL01 IW67C,""
FACEBK *AERWKEAKE2,""
RETIRO EFECTIVO DISPENSADOR 360872TRX:00528672 SUC:5 CTA:5/7004141827,""
UBER TRIP 5LYI5 HELP,""
DEB. CAMBIOSST....443067,""
CRE. CAMBIOSOP....313667,""
ADYENMX*DIDI I,""
TRASPASO DE 1031154ILINK,""
NHA HANG LIMONE,""
REDIVA 17934EL BRUNCH,""
PANAM NEUMATICO CUOTA 05/10,""
SUPERMARKET EL DORADO LA PALOM,""
DEB. CAMBIOSST....150583,""
MEGAL- KARINA BOGGIO,""
UBER UY NOV07 CSL56,""
CRE. CAMBIOSOP....184912,""
DEB.CONTRATO3085245 042,""
CR. PAGO SUELDOS 20190205_2939400 JORGE DIAZ SOCIEDAD ANO,""
DEB. CAMBIOSST....129103,""
SANCOR SEGUROS URUGUAY,""
REDIVA 19210ASGARD,""
COBRO CUOTA PRESTAMO AMORTIZABLE 650040870223,""
DEB. CAMBIOSST....405572,""
REDIVA 192105531729 021,""
REDIVA 19210IM MAGINE,""
DEB. CAMBIOSST....249561,""
TRASPASO DE 6159630ILINK,""
DB COM. X EMIS. DE TARJETA,""
EXUR,""
RETIRO BANRED DISPENSADOR 962505TRX:920185 SUC:2 DISP:43 2/9015216902 TARJ:XX0102,""
DEB. CAMBIOSST....855768,""
GAZPACHO,""
UBER TRIP EFAVU HELP.UBER,""
REDIVA 19210ANTEL101E417,""
DEB. CAMBIOSST....662236,""
REDIVA 19210LA GAYOLA,""
COBRO CUOTA PRESTAMO AMORTIZABLE 650042185218 CUO: 007,""
COBRO CUOTA PRESTAMO AMORTIZABLE 650042662849 CUO: 016,""
DEB. CAMBIOSST....716900,""
UBER TRIP JJL3W HELP,""
UBER UY JUL17 AJHMN,""
TRASPASO DE 5415619ILINK,""
COBRO CUOTA PRESTAMO AMORTIZABLE 500040039360 CUO: 025,""
DEB. CAMBIOSST....568983,""
CRE. CAMBIOSOP....666915,""
ANCAP ZAGREB,""
DEB. CAMBIOSST....904535,""
REDIVA 19210UTE734103632,""
BUILDERS.CO.ZA*A4786E94AAC447618328,""
UBER TRIP 7G3OU HELP,""
NBW*JOESNEWBALANCEOU,""
DEVOLUCION DE COMISION CA. DEV.COMIS.DEBITO EXT 04/06,""
AIRBNB * HMQJ9QHMWZ,""
DEB. CAMBIOSST....478575,""
UBER TRIP 7LA6L HELP,""
FIEBRE DE MALTA 3,""
UBER TRIP BTCWX HELP,""
STARBUCKS STORE 19090,""
DEB. CAMBIOSST....767366,""
RETIRO BANRED DISPENSADOR 960069TRX:726389 SUC:27 DISP:29 4/78603 TARJ:XX0538,""
DEB. CAMBIOSST....018923,""
LANCHILE AIR045TEL,""
SUELDOS 389699TT RECIBIDA /PYXIS S.A. /FLORENCIO ESCARD,""
UBER UY APR26 7BUB6,""
DEB. CAMBIOSST....673071,""
DEB. CAMBIOSST....967406,""
UBER TRIP UE43I HELP,""
UBER UY FEB13 CD6HC,""
UBER TRIP EHWK5 HELP,""
ANCAP ALBA ALONSO E HIMONTEVID,""
CAFETERIA HOSPITAL BRITAN,""
PANADERIA AVRIL,""
DECRETO NATURAL CUOTA 01/03,""
TRASPASO DE 8780825ILINK,""
SCHOOL LAND,""
LOJAS RENNER,""
UBER UY TZXCP HELP.U,""
DEB. CAMBIOSST....102135,""
DEB. VARIOS AUXICR 18/03,""
DEB. CAMBIOSST....205847,""
DEB.CONTRATO5610682 002,""
DEB. CAMBIOSST....068439,""
DEB. CAMBIOSST....116255,""
DEBITO A CONFIRMAR BANRED COMPRA 678137 - 800-592-8996/UBR* PENDING.UBER.COMVIEI -,""
T350 AEROPUERTO CMDX,""
REDIVA 19210A LO CUBANO,""
DEB. CAMBIOSST....767366,""
GOOGLE *IRONHIDE,""
DEB. CAMBIOSCOMI..069149,""
DEB.CONTRATO3085245 055,""
DOMINIOIT,""
RETIRO BANRED DISPENSADOR 962499TRX:296795 SUC:67 DISP:51 16/5100579580 TARJ:XX7110,""
SPORT CITY,""
DEB. CAMBIOSST....655890,""
REDIVA 19210LOS TROVADOR,""
CRE. CAMBIOSOP....868621,""
RETIRO BANRED DISPENSADOR 003357TRX:5027411 SUC:71 DISP:1 4/376728 TARJ:XX6540,""
DEB. CAMBIOSST....144943,""
REDIVA 19210ANTEL101O733,""
LA 17 RESTAURANT,""
DEB. CAMBIOSST....623553,""
DEB. CAMBIOSST....526086,""
CRE. CAMBIOSOP....030136,""
DEB. CAMBIOSST....917829,""
TRASPASO DE 8435748ILINK,""
PAYPAL *KAVAFES,""
REDIVA 19210HB3612172,""
DEB. CAMBIOSST....972691,""
RETIRO DE CA CAJERO BANELCO,""
DEB. CAMBIOSST....122410,""
SIM STORE NASM,""
COMPENSACION ENTE MO,""
REDIVA 19210ANTEL101J146,""
RETIRO EFECTIVO DISPENSADOR 365709TRX:00236397_02 SUC:62 CTA:16/5100021104,""
DEB. CAMBIOSST....042055,""
FACEBK *AZ79FF6KE2,""
DEB. CAMBIOSST....052575,""
UBER UY OCT25 HDUYA,""
UBER TRIP 4NWL2 HELP,""
TRASPASO DE 5292563ILINK,""
AMAZON SERVICES-KIND,""
IVA FACTURA NUMERO A98,""
DEB.CONTRATO5585970 014,""
PAGO DE FACTURA 054766 ANTEL_B ANTEL FACT. 101G7089042,""
F Y F HOSTEL,""
PUERTO PALERMO,""
DEB. CAMBIOSST....272370,""
DEB. CAMBIOSST....472395,""
EMPANADAS D LA RIBER,""
STARBUCKS GIFT CARD*B23DAE2668174B219C4C,""
STARBUCKS GIFT CARD*8049EA068D7F4F03B5BC,""
STARBUCKS GIFT CARD*8AF0250730844F73998F,""
REDIVA 19210CHARLIE,""
SLS HOTEL SOUTH BEAC,""
UBER UY OCT04 4DRYC,""
REDIVA 17934MOSTRADOR SA,""
UBER UY OCT24 RLOYQ,""
CHEQUE P/CAJA 361371TRX:00444952 SUC:27 CTA:4/78603,""
COPENHAGUE,""
HOTEL ROYAL,""
DEB.CONTRATO5634640 006,""
DEB. CAMBIOSST....822011,""
REDIVA 19210ANTEL101H380,""
DEB. CAMBIOSST....489278,""
DEB. CAMBIOSST....899069,""
REDIVA 19210EL RANCHO,""
REDIVA 19210TIENDA NATUR,""
OPTICA MEERHOFF,""
DEB. CAMBIOSST....493465,""
STARBUCKS STORE 07988,""
SUELDOS 382438TT RECIBIDA /PYXIS S.A. /FLORENCIO ESCARD,""
SINERGIA CAMPUS,""
UBER UY MAR19 HAULW,""
RESTORAN LAVENDER TE,""
UBER UY SEP09 SNREV HELP.,""
DEB. CAMBIOSST....207601,""
UBER UY AUG15 ANM4J HELP.,""
COFFEE SHOP TAQUERIA,""
UBER UY OCT19 N6LWD,""
UBER UY OCT06 PLV4W,""
RETIRO BANRED DISPENSADOR 965983TRX:409922 SUC:27 DISP:29 4/78603 TARJ:XX0538,""
DEB. VARIOS CBIO00759652,""
UBER UY OCT13 5O7MF HELP.,""
DEB. CAMBIOSST....725520,""
DEB.CONTRATO4799424 009,""
RETIRO BANRED DISPENSADOR 960925TRX:239389 SUC:17 DISP:40 70/5200185511 TARJ:XX3636,""
DEB. CAMBIOSST....712077,""
UBER UY NNNPX HELP.U,""
PAYPAL *MM ELECTRON,""
DEB. CAMBIOSST....766351,""
DEB. CAMBIOSST....534774,""
UBER SEP20 E3YJ6 HELP.UBE,""
DEB. CAMBIOSST....907576,""
EL TOBOSO,""
DEB.CONTRATO5709910 002,""
REDIVA 19210KANATA,""
DEPOSITOS INTELIGENTES ATM,""
RETIRO BANRED DISPENSADOR 963617TRX:710196 SUC:27 DISP:29 4/78603 TARJ:XX0538,""
UBER TRIP CYCRZ HELP.UBER,""
DEB. CAMBIOSST....990407,""
EDREAMS*D32599423300469CBFB8,""
EDREAMS*7EFDDB7FD101411DA50F,""
EDREAMS*86718E649C5447B796C7,""
RETIRO BANRED DISPENSADOR 960097TRX:278175 SUC:27 DISP:29 4/78603 TARJ:XX0538,""
DEB. CAMBIOSST....495465,""
-KIWI.COM-,""
EL REY DEL COTI CUOTA 01/02,""
VERA LARRAMENDY DISE,""
DEB. CAMBIOSST....455679,""
DEBITO A CONFIRMAR BANRED COMPRA 036234 - 9829089080/CHIVITERIA MARCOS POCVIS3 -,""
DEB. CAMBIOSST....950683,""
CLUB BIGUA,""
UBER UY MAR14 4EPYL,""
UBER UY FEB12 QUMTC,""
UBER TRIP 5X6VJ HELP.UHELP.UBE,""
UBER TRIP ODQ4P HELP,""
UBER UY AUG25 7DRX4,""
CRE. CAMBIOSOP....428869,""
FABRICA DE PASTAS LA PMONTEVID,""
MERCADOLIBRE*87E98D58F85042318F32,""
MERCADOLIBRE*CF8F8AFD3A184D12AD59,""
MERCADOLIBRE*D74BC019470248738B45,""
DEB. CAMBIOSST....889620,""
AVIS RENT A CAR CUOTA 03/03,""
ANULACION DE PAGOS,""
GIRO DIDACTICO MAESTRO,""
DEB. CAMBIOSST....979900,""
DEB. CAMBIOSST....129262,""
DEB. CAMBIOSCOMI..579205,""
BOUTIQUE MUY PERSONAL,""
UBER TRIP BPNHX HELP.UBER,""
GAME.CO.ZA*00ECB4469D0E4DB1B564,""
DEB. CAMBIOSST....761857,""
UBER UY JUL01 AHS6C,""
CRE. CAMBIOSOP....755440,""
ANGUS GRILL,""
REDIVA 19210TODO CONTROL,""
UBER UY APR10 T3UHR HELP.,""
DEB. CAMBIOSST....044788,""
UBER TRIP NUX3U HELP,""
CH DEVUELTO 04132654-57,""
KONICHI-WA,""
DEB. CAMBIOSST....216216,""
ULPIANO PARRILLA Y RESTO,""
PORTO SEGURO SEGUROS,""
DEB. CAMBIOSST....887925,""
UBER UY JUL01 IW67C,""
FACEBK *AERWKEAKE2,""
RETIRO EFECTIVO DISPENSADOR 360872TRX:00528672 SUC:5 CTA:5/7004141827,""
UBER TRIP 5LYI5 HELP,""
DEB. CAMBIOSST....443067,""
CRE. CAMBIOSOP....313667,""
ADYENMX*DIDI I,""
TRASPASO DE 1031154ILINK,""
NHA HANG LIMONE,""
REDIVA 17934EL BRUNCH,""
PANAM NEUMATICO CUOTA 05/10,""
SUPERMARKET EL DORADO LA PALOM,""
DEB. CAMBIOSST....150583,""
MEGAL- KARINA BOGGIO,""
UBER UY NOV07 CSL56,""
CRE. CAMBIOSOP....184912,""
DEB.CONTRATO3085245 042,""
CR. PAGO SUELDOS 20190205_2939400 JORGE DIAZ SOCIEDAD ANO,""
DEB. CAMBIOSST....129103,""
SANCOR SEGUROS URUGUAY,""
REDIVA 19210ASGARD,""
COBRO CUOTA PRESTAMO AMORTIZABLE 650040870223,""
DEB. CAMBIOSST....405572,""
REDIVA 192105531729 021,""
REDIVA 19210IM MAGINE,""
DEB. CAMBIOSST....249561,""
TRASPASO DE 6159630ILINK,""
DB COM. X EMIS. DE TARJETA,""
EXUR,""
RETIRO BANRED DISPENSADOR 962505TRX:920185 SUC:2 DISP:43 2/9015216902 TARJ:XX0102,""
DEB. CAMBIOSST....855768,""
GAZPACHO,""
UBER TRIP EFAVU HELP.UBER,""
REDIVA 19210ANTEL101E417,""
DEB. CAMBIOSST....662236,""
REDIVA 19210LA GAYOLA,""
COBRO CUOTA PRESTAMO AMORTIZABLE 650042185218 CUO: 007,""
COBRO CUOTA PRESTAMO AMORTIZABLE 650042662849 CUO: 016,""
DEB. CAMBIOSST....716900,""
UBER TRIP JJL3W HELP,""
UBER UY JUL17 AJHMN,""
TRASPASO DE 5415619ILINK,""
COBRO CUOTA PRESTAMO AMORTIZABLE 500040039360 CUO: 025,""
DEB. CAMBIOSST....568983,""
CRE. CAMBIOSOP....666915,""
ANCAP ZAGREB,""
DEB. CAMBIOSST....904535,""
REDIVA 19210UTE734103632,""
BUILDERS.CO.ZA*D60AEA1DC21840029178,""
UBER TRIP 7G3OU HELP,""
NBW*JOESNEWBALANCEOU,""
DEVOLUCION DE COMISION CA. DEV.COMIS.DEBITO EXT 04/06,""
AIRBNB * HMQJ9QHMWZ,""
DEB. CAMBIOSST....478575,""
UBER TRIP 7LA6L HELP,""
STARBUCKS GIFT CARD*D5489891773249AEBE3E,""
STARBUCKS GIFT CARD*BDE567B8062446CEB244,""
STARBUCKS GIFT CARD*9E4C2235482A4A2B90FB,""
EDREAMS*90EEC2810E674D0EB778,""
EDREAMS*86E2FD945E8F4D6284E0,""
EDREAMS*C5D5A10103D443D3B405,""
MERCADOLIBRE*7CF1EFF2CF53485799F2,""
MERCADOLIBRE*4525E2C5883542EFB2E8,""
MERCADOLIBRE*708A7085C0934AF59580,""
GAME.CO.ZA*6E700CC7C4CC454F8760,""
BUILDERS.CO.ZA*9A88B380345F4FD282C1,""
STARBUCKS GIFT CARD*871B4DA1077C4458AB81,""
STARBUCKS GIFT CARD*020DB9D90E634C9B8DC0,""
STARBUCKS GIFT CARD*24DB4C13F7E54B84A1D9,""
EDREAMS*575AF3ACD25F4CBFB0E3,""
EDREAMS*0221675147824B6BBF9C,""
EDREAMS*C4AEEA83727F4A5399EC,""
MERCADOLIBRE*4B4DA868411E4EBBB127,""
MERCADOLIBRE*45952F088B4A4A2EBCF0,""
MERCADOLIBRE*0182A644A90849E3BCE1,""
GAME.CO.ZA*660A467E6AB348CF9C79,""
BUILDERS.CO.ZA*16414DC208304AC5BD5B,""
STARBUCKS GIFT CARD*976C30EBA86C44289A1C,""
STARBUCKS GIFT CARD*465BCBAF237F45CB80D2,""
STARBUCKS GIFT CARD*3CB04ABDD76C44E69444,""
EDREAMS*17ECF8DC1F024E7A812C,""
EDREAMS*BA416D5591864F2291CE,""
EDREAMS*3DFC2A03D74646088C78,""
MERCADOLIBRE*A55885D1E38F4B9E9918,""
MERCADOLIBRE*8E0706C4718C48819A49,""
MERCADOLIBRE*79926031BD9045AA9B94,""
GAME.CO.ZA*2D9DBD5625CE4D35B959,""
BUILDERS.CO.ZA*D4B9822F42254BEC974C,""
STARBUCKS GIFT CARD*B384892F534F4B98A562,""
STARBUCKS GIFT CARD*AE72E81598A1427BA4D0,""
STARBUCKS GIFT CARD*F8462220B88E4FD5AD33,""
EDREAMS*9690C61F11244D2FB4D9,""
EDREAMS*D1B277264A7E45BEB59F,""
EDREAMS*79B45531F07B4EA69919,""
MERCADOLIBRE*1BA4DC86C52F4E9BA463,""
MERCADOLIBRE*EB7FDAC5D87B4DF49A3D,""
MERCADOLIBRE*A1B9993AE82846DEA06F,""
GAME.CO.ZA*E696D9548AA445ACA277,""
BUILDERS.CO.ZA*32DCBE27FD034F14961F,""
STARBUCKS GIFT CARD*B2F81A8C26BF47DA95BC,""
STARBUCKS GIFT CARD*04866C9DA2BD4A6AB8AC,""
STARBUCKS GIFT CARD*664E28DA34194E368B89,""
EDREAMS*568ACAAC8BD3461E8604,""
EDREAMS*ABB09D693ED9434A99D7,""
EDREAMS*3CBCAA2DD57644D19A7A,""
MERCADOLIBRE*D873F7246CB94C21A6CB,""
MERCADOLIBRE*EA257A0B13334C859429,""
MERCADOLIBRE*E068C7397F324C38B55F,""
GAME.CO.ZA*274C9B617AAF4182A3D9,""
BUILDERS.CO.ZA*99288609B0BB413096B0,""
STARBUCKS GIFT CARD*C5811510210D4BB6B6A5,""
STARBUCKS GIFT CARD*6F385721439743BB81F0,""
STARBUCKS GIFT CARD*80679EDAB5284822A113,""
EDREAMS*22531499D2B642DD9036,""
EDREAMS*4288DB9921F9477CB4F8,""
EDREAMS*498CFAC6ABD0462EA7B3,""
MERCADOLIBRE*5DE4D3E95393487BAE54,""
MERCADOLIBRE*E774AF064A5C4F0F9CBD,""
MERCADOLIBRE*2849EFD40920472F8DC2,""
GAME.CO.ZA*99D695410A9D46F1AE54,""
BUILDERS.CO.ZA*6B2B640ED97F4F27AC16,""
STARBUCKS GIFT CARD*6C74D8BC89644E94A252,""
STARBUCKS GIFT CARD*E067A37E0A1446A9886E,""
STARBUCKS GIFT CARD*35FCFB589E2E43FEAE71,""
EDREAMS*E74F2F93DC614809BBB5,""
EDREAMS*5C8B1D6F8E294BE2AF07,""
EDREAMS*FDC612CB7DCC469B9A4E,""
MERCADOLIBRE*B7298F42824147098EA5,""
MERCADOLIBRE*CDFE7F390C3A40FB96F0,""
MERCADOLIBRE*2B1ECB7B0C1E4221BA27,""
GAME.CO.ZA*6D897C94509C44609F49,""
BUILDERS.CO.ZA*F33881E343584FEF88CF,""
STARBUCKS GIFT CARD*4F4A7C09451D48E8A9F0,""
STARBUCKS GIFT CARD*4E97A3FBB84C44C88A86,""
STARBUCKS GIFT CARD*6C97FF0E64B948E3A71C,""
EDREAMS*615555441CBB4EB99587,""
EDREAMS*305E8F5972E04EC292F2,""
EDREAMS*AEF4D2EA9489477E9C6C,""
MERCADOLIBRE*BFE0295C6F3B442B853B,""
MERCADOLIBRE*3CAAC4497D9D4430BD4C,""
MERCADOLIBRE*506A9082A00B4FB3868A,""
GAME.CO.ZA*FCB4CF4CAFE3430D90F4,""
BUILDERS.CO.ZA*26555A9591A94CB7B15A,""
STARBUCKS GIFT CARD*B56C8DC0F318489389BE,""
STARBUCKS GIFT CARD*61AB92B590CF487AA868,""
STARBUCKS GIFT CARD*9B041DEC68E441AAB9AD,""
EDREAMS*2A554C015BB94101A42F,""
EDREAMS*6B1423F7C5694C87ABFC,""
EDREAMS*0B6FD6C760EA441796F0,""
MERCADOLIBRE*47146617F6D04970AAEA,""
MERCADOLIBRE*3C2D5A23946F4FCE88F4,""
MERCADOLIBRE*0CF59B07DE8C46D49670,""
GAME.CO.ZA*C21E7720E86149C4AFBA,""
BUILDERS.CO.ZA*13BA964D2BB24EA0A906,""
STARBUCKS GIFT CARD*2F75A92BA1BB499A86B6,""
STARBUCKS GIFT CARD*93E07B5C38B94CC09030,""
STARBUCKS GIFT CARD*499A5E2A8D654892A882,""
EDREAMS*72C615EB3B0649BC8C42,""
EDREAMS*7919223D581B43D0AD9E,""
EDREAMS*423EB221A0894254BB54,""
MERCADOLIBRE*75AA7D68483E40D697FE,""
MERCADOLIBRE*6F21115D0A664373AE30,""
MERCADOLIBRE*F6BD865F3C5A44FD8C34,""
GAME.CO.ZA*A2BF6905E9FD45A19763,""
BUILDERS.CO.ZA*4E1F7540782C40A6A942,""
STARBUCKS GIFT CARD*2178586E0ECF4E95B417,""
STARBUCKS GIFT CARD*E0A7C5BD1C2742A9B64B,""
STARBUCKS GIFT CARD*523A791F8B8D47BD8706,""
EDREAMS*9172AEB20D96432FBFCC,""
EDREAMS*37C2F80029EF44828E73,""
EDREAMS*ED67C343E730439BA1F2,""
MERCADOLIBRE*0A6D6D7B6F704780B181,""
MERCADOLIBRE*2DB76D8886DC401D9623,""
MERCADOLIBRE*79717016EFCC41938DD7,""
GAME.CO.ZA*14A321935BB24FC0BC80,""
BUILDERS.CO.ZA*3872593DEB7E465F84BD,""
STARBUCKS GIFT CARD*C58003A639C9413EB733,""
STARBUCKS GIFT CARD*72BC1BEB4CB8454688B2,""
STARBUCKS GIFT CARD*007CD06461C84F099C1D,""
EDREAMS*6D07F257043F482A8BD2,""
EDREAMS*F86FA441C2F041BDA503,""
EDREAMS*9ADCBF5156704888BE6E,""
MERCADOLIBRE*52B319549A1A4EED8FFA,""
MERCADOLIBRE*38C4D3F600C545B49B48,""
MERCADOLIBRE*116B8039746B41219F68,""
GAME.CO.ZA*ACC81B8F478F41EFB6C4,""
BUILDERS.CO.ZA*6735E35F3461442F9203,""
STARBUCKS GIFT CARD*BDADFE2CF8524AC68ED3,""
STARBUCKS GIFT CARD*8C09F1897A304781B1A4,""
STARBUCKS GIFT CARD*4DD87B012B7B4C62A717,""
EDREAMS*8B943C5BE0D849FD870B,""
EDREAMS*EE8D12D0CAAA4776A908,""
EDREAMS*F5DDC2759F8149298F14,""
MERCADOLIBRE*787432B2DBE042C79D31,""
MERCADOLIBRE*F067D4456B3C42AEB41B,""
MERCADOLIBRE*48F812D75AC54200A347,""
GAME.CO.ZA*84087CABBD0A4BEA8BD9,""
BUILDERS.CO.ZA*93FA6E256CBA4AA98015,""
STARBUCKS GIFT CARD*B86D1B6BA62D45B4BB25,""
STARBUCKS GIFT CARD*EC9352761C584657B588,""
STARBUCKS GIFT CARD*B579B52F7F49482CA136,""
EDREAMS*733DA39F3D654A289A4C,""
EDREAMS*7BCD7C0B09384AE5BEEC,""
EDREAMS*02C19407F98443C190E3,""
MERCADOLIBRE*8BF7E4415F2F48C5965A,""
MERCADOLIBRE*D4F37B52CF214CFE810F,""
MERCADOLIBRE*BF1D027ED196482F88A0,""
GAME.CO.ZA*110CF5F0E6B7436A8EA6,""
BUILDERS.CO.ZA*6B7F81BA158F469C8761,""
STARBUCKS GIFT CARD*8275A23FD3C44F2E80FD,""
STARBUCKS GIFT CARD*331A66A476BD4CFCABE9,""
STARBUCKS GIFT CARD*E13A2E56BD874401BB01,""
EDREAMS*4CBDFE090BC34596924F,""
EDREAMS*1084F853A0E94870A3D6,""
EDREAMS*20598D36DF284D9F989B,""
MERCADOLIBRE*679AEBFD3E654AD3BE77,""
MERCADOLIBRE*F078C7F1626E4627BCFD,""
MERCADOLIBRE*21D5372528874D028FF9,""
GAME.CO.ZA*55646514281B4D46943D,""
BUILDERS.CO.ZA*37A5C44CF0A149E78989,""
STARBUCKS GIFT CARD*04401509E52146A3A478,""
STARBUCKS GIFT CARD*2D37F3FF72BF4CF29B5C,""
STARBUCKS GIFT CARD*C76F4B4BFAF54A87B9A8,""
EDREAMS*843CE331146744258641,""
EDREAMS*CE75BDCD72454DE4A293,""
EDREAMS*ED46A5BB2F3647BBACDF,""
MERCADOLIBRE*6335D72BA5E3425E8F03,""
MERCADOLIBRE*5B98E94A488A45E9935D,""
MERCADOLIBRE*16B066A91F01460E830F,""
GAME.CO.ZA*060C0C06B52347C897A2,""
BUILDERS.CO.ZA*EEEF01927046488A8FE7,""
STARBUCKS GIFT CARD*17651877A042482EBE59,""
STARBUCKS GIFT CARD*F2BB5672FC784E0B9946,""
STARBUCKS GIFT CARD*681AFB7440F64B1C8DDD,""
EDREAMS*1BFFD0C8A7394C94B43C,""
EDREAMS*3F63753620BB4943B9EB,""
EDREAMS*B4E4708B76C44995A257,""
MERCADOLIBRE*CAEE956A79634DC3B850,""
MERCADOLIBRE*03B79A1F44B54A9493B5,""
MERCADOLIBRE*764CC7C51B064AF9BACD,""
GAME.CO.ZA*C3748ED9279E439786C0,""
BUILDERS.CO.ZA*7CB1EA429DCB434195A3,""
STARBUCKS GIFT CARD*2E5B2644452241AAAB90,""
STARBUCKS GIFT CARD*05D9E5561A0E451EA125,""
STARBUCKS GIFT CARD*77BF1D38D81A4D0A82DC,""
EDREAMS*7D8C03E3A5FF44069E8F,""
EDREAMS*A9679600EEEE40CB84A8,""
EDREAMS*DAB847DD02444A049B73,""
MERCADOLIBRE*3504003E74844745B289,""
MERCADOLIBRE*9E8BF40D9D2442EAB9ED,""
MERCADOLIBRE*1E67168AE7714A30931D,""
GAME.CO.ZA*2521A7A3F2C64C4DA4BE,""
BUILDERS.CO.ZA*CC143D54F0F043EA94A3,""
STARBUCKS GIFT CARD*E37A04D360B449F5ABFF,""
STARBUCKS GIFT CARD*E9199D3C4A3343D3996E,""
STARBUCKS GIFT CARD*A798691B85E547338C7A,""
EDREAMS*27E8A9CB209C40C09D48,""
EDREAMS*12A5A95082D14F93AA4A,""
EDREAMS*EF7599B461324927B0FD,""
MERCADOLIBRE*F1FC2CE283D44C0DA668,""
MERCADOLIBRE*3AB0E186D410484B8548,""
MERCADOLIBRE*8B62DBEDA5CA4E4DBB60,""
GAME.CO.ZA*D824F138758446A5A700,""
BUILDERS.CO.ZA*1F380FBF7EBE42B48BD7,""
STARBUCKS GIFT CARD*995D2B0408C242A1B61E,""
STARBUCKS GIFT CARD*35258CD3698440FFB236,""
STARBUCKS GIFT CARD*B558DC590B1740B89EC0,""
EDREAMS*FD5BFF12864044759014,""
EDREAMS*85501019DCCB470B84E9,""
EDREAMS*BA151EA55CBD47D19EA0,""
MERCADOLIBRE*83E24E6572D94B3A9539,""
MERCADOLIBRE*26923B39EBD24C71B5D8,""
MERCADOLIBRE*6E6C56E95FFD4D5DBB4D,""
GAME.CO.ZA*CE765294EBEF494AA17B,""
BUILDERS.CO.ZA*6F6E166FFA244FB59903,""
STARBUCKS GIFT CARD*EC36225864474AB9B477,""
STARBUCKS GIFT CARD*0DA077B941E24AC0B3CF,""
STARBUCKS GIFT CARD*7DAE77D1FE27466287A6,""
EDREAMS*4DB002651F184E178949,""
EDREAMS*767AD49B271A48D98204,""
EDREAMS*84B806393FBD4091B3EC,""
MERCADOLIBRE*F81CD32078AE4B19A72C,""
MERCADOLIBRE*6F07B25FFDD34901A44C,""
MERCADOLIBRE*BF7327FCACAC4F8CB0F4,""
GAME.CO.ZA*AB88512FCD3244669CB2,""
BUILDERS.CO.ZA*6459763EEB1E4ADCA5BF,""
STARBUCKS GIFT CARD*F56A76561ED243DB89D9,""
STARBUCKS GIFT CARD*E1605ED354214C559367,""
STARBUCKS GIFT CARD*F1BF41DD9F914369B577,""
EDREAMS*B04B727612104A25BD45,""
EDREAMS*1FD9C57F9A81480A9CA3,""
EDREAMS*E565AF5FCAFC4E87B6FE,""
MERCADOLIBRE*531F8F44029D442E9E23,""
MERCADOLIBRE*49C3AD82C6F747758B9C,""
MERCADOLIBRE*13F9D47F83B446C4BAD1,""
GAME.CO.ZA*C88FDFBD041942EAA8F0,""
BUILDERS.CO.ZA*C0F6679F3DAD45E986D1,""
STARBUCKS GIFT CARD*43031CCF07E14F0F8B86,""
STARBUCKS GIFT CARD*85F2C10FA7B94C6DA315,""
STARBUCKS GIFT CARD*508588A59E3B4CC29F8F,""
EDREAMS*EC7E398554D24155B928,""
EDREAMS*457894659C8F4986899E,""
EDREAMS*F40F1BDAFE6A4392B4D1,""
MERCADOLIBRE*A5E20E41FB9B426AB419,""
MERCADOLIBRE*BC337B2D25A34A27A0E6,""
MERCADOLIBRE*EC425BB779FC4564957F,""
GAME.CO.ZA*EDF6D8D34ADF4C2083C0,""
BUILDERS.CO.ZA*0A321898053F4BBBB326,""
STARBUCKS GIFT CARD*F8D3ACFE7EAD44418111,""
STARBUCKS GIFT CARD*D1B5D392859B4ACEA1BB,""
STARBUCKS GIFT CARD*CAC4705648B64154B9FB,""
EDREAMS*D9811CE9CE82475CBBCD,""
EDREAMS*E2E226D5D7B64165B896,""
EDREAMS*7267C11840AB4FF1BB62,""
MERCADOLIBRE*3B1E1B72206547CAB843,""
MERCADOLIBRE*2F13E4C805F049899782,""
MERCADOLIBRE*49AC565ACA4F47BE907E,""
GAME.CO.ZA*743367DF9CB047B7B388,""
BUILDERS.CO.ZA*E0F48780AB934CB4BC68,""
STARBUCKS GIFT CARD*993C43E7E407476B8788,""
STARBUCKS GIFT CARD*6F7577C5E12D44888D8B,""
STARBUCKS GIFT CARD*34809758B9B04BAA8552,""
EDREAMS*0D723CD576334E24BE6C,""
EDREAMS*E9462147156D41F18639,""
EDREAMS*A21091C4967647D28C53,""
MERCADOLIBRE*CAD39D1D55394E939B7A,""
MERCADOLIBRE*423669F69D69455B97D8,""
MERCADOLIBRE*CBEB8E52F2F64DD4B816,""
GAME.CO.ZA*F9793AA14D824788A09E,""
BUILDERS.CO.ZA*58A89417B4124FB6954B,""
STARBUCKS GIFT CARD*AB7BB503794747D9950A,""
STARBUCKS GIFT CARD*30137C5B16454D34A6D8,""
STARBUCKS GIFT CARD*DEC0943831D04DE084A3,""
EDREAMS*E470965CC92B44F289EF,""
EDREAMS*EA52DE563C4A4C138CA8,""
EDREAMS*6FEC64D60BDD446AAB41,""
MERCADOLIBRE*F45DB93067A243B9840E,""
MERCADOLIBRE*3AAC38C8734F4DD28310,""
MERCADOLIBRE*740F8809E4304E4D8CC6,""
GAME.CO.ZA*575F19138CFE47C2A732,""
BUILDERS.CO.ZA*3BC169E58E394C818275,""
STARBUCKS GIFT CARD*7AB83B3027374C2DB269,""
STARBUCKS GIFT CARD*14918C8E1995429F850B,""
STARBUCKS GIFT CARD*3ECC8A74555346659CE6,""
EDREAMS*4E2D8ACA463E4DADA56D,""
EDREAMS*A7D18ECA97224744BCEE,""
EDREAMS*03FB8381326440DFBEAE,""
MERCADOLIBRE*31FD9CB9869E4E7A97AA,""
MERCADOLIBRE*93D429F9EAC24AE29818,""
MERCADOLIBRE*4EC023D646064E1D8C28,""
GAME.CO.ZA*F337D2F327C240EFAD88,""
BUILDERS.CO.ZA*AEFBBED785E14E75A235,""
STARBUCKS GIFT CARD*E8FF4A06625941A49496,""
STARBUCKS GIFT CARD*ADA385DDF3D74ADAB98B,""
STARBUCKS GIFT CARD*F77C38E4C12D4C4984A0,""
EDREAMS*DECB895525264798B347,""
EDREAMS*85032859685F4575A022,""
EDREAMS*8B20DC12487D4D539C70,""
MERCADOLIBRE*88DACC464A0B4E08A409,""
MERCADOLIBRE*CB35B30BCF95493C9E27,""
MERCADOLIBRE*37F0C056004D49B6957E,""
GAME.CO.ZA*E29D4F14E9154ACF9A87,""
BUILDERS.CO.ZA*83791AA216274F85BAED,""
STARBUCKS GIFT CARD*96C37B567984440B8650,""
STARBUCKS GIFT CARD*D23754D7C8694AEF884B,""
STARBUCKS GIFT CARD*1ABF8EA8C3CF4EA58068,""
EDREAMS*B67E738DC49B47CCA731,""
EDREAMS*B3031DBA242F4C7A9B3A,""
EDREAMS*BB6CDEA101C648DBB978,""
MERCADOLIBRE*66BDB956D4D84093A4A9,""
MERCADOLIBRE*A8AE25B299FF43AC9480,""
MERCADOLIBRE*9AD8197B696A41029CF1,""
GAME.CO.ZA*F6DFA866F4D24C3B9690,""
BUILDERS.CO.ZA*71771CEEC44746FE8CD7,""
STARBUCKS GIFT CARD*B50418DB45A04BDDACD2,""
STARBUCKS GIFT CARD*AAE42585F7F240D99F32,""
STARBUCKS GIFT CARD*5C0EDC03B32B4567964E,""
EDREAMS*73CFD308D56D41F29DE2,""
EDREAMS*584B6BBDB64F4A7085FD,""
EDREAMS*D72C031D00F14A14B486,""
MERCADOLIBRE*F4FC3C4CB1664B6A8713,""
MERCADOLIBRE*5C4C94DE18A144A0B2B1,""
MERCADOLIBRE*580D4505CDCE48ECB750,""
GAME.CO.ZA*2DC099046A754D72B2D0,""
BUILDERS.CO.ZA*94C7130479734C3A9ECD,""
STARBUCKS GIFT CARD*F35D169894C94BD5B1EA,""
STARBUCKS GIFT CARD*85CDEBE3B1964230847D,""
STARBUCKS GIFT CARD*3CE9948B25C149BDA305,""
EDREAMS*3635ADA999C8471FAA77,""
EDREAMS*A58CC0D46884428DAC38,""
EDREAMS*B9C485CA8D884F34915F,""
MERCADOLIBRE*2780F48EDDBC40709453,""
MERCADOLIBRE*C5452C2481DA4D10B367,""
MERCADOLIBRE*BB9974182CF64214B918,""
GAME.CO.ZA*A954381C1ADF4E0C92F9,""
BUILDERS.CO.ZA*252D30A6045244D5A880,""
STARBUCKS GIFT CARD*3C1A0C6FFDC9448B9290,""
STARBUCKS GIFT CARD*7761557F478D4752B35E,""
STARBUCKS GIFT CARD*D8F77A913BC5419EAEFF,""
EDREAMS*F15535D8CA584E7AAFB2,""
EDREAMS*C5FDE2F6065144ABAE30,""
EDREAMS*559D6203C7254EC18B84,""
MERCADOLIBRE*F77328DE8B05406D9CA1,""
MERCADOLIBRE*2622C553E4D347ED9864,""
MERCADOLIBRE*CAAB7C4DAE3A455B8B02,""
GAME.CO.ZA*506C142CE7844E77B4C0,""
BUILDERS.CO.ZA*06681927111240E9AC1E,""
STARBUCKS GIFT CARD*A00D8CFF81B945ABBB72,""
STARBUCKS GIFT CARD*941F98219ACA4533AACD,""
STARBUCKS GIFT CARD*0A2B941E658A43188769,""
EDREAMS*58C48CB6CACD43E391B1,""
EDREAMS*EA9860CD2406402FBE60,""
EDREAMS*1E1ED6065FFB4AD0BAA8,""
MERCADOLIBRE*CB5FBECBDAD0407EB92A,""
MERCADOLIBRE*40D69CE0BBCD4B44895A,""
MERCADOLIBRE*80CF183C31364FB5A8F0,""
GAME.CO.ZA*980BCC9BD7BE446E9AFA,""
BUILDERS.CO.ZA*0857E1E00F384C0A9B6B,""
STARBUCKS GIFT CARD*BF2F1292CCA94E3DBE4D,""
STARBUCKS GIFT CARD*8B7838DC9F01426E937B,""
STARBUCKS GIFT CARD*FEFC254AFF66438FB564,""
EDREAMS*66AE32F2170B45609AAF,""
EDREAMS*008A0A8F748641068924,""
EDREAMS*EFDC3B81E8464646953F,""
MERCADOLIBRE*74EE0C595DBE4F149451,""
MERCADOLIBRE*88B314D355CE4D80A4EC,""
MERCADOLIBRE*C69A152B2B5541B685FD,""
GAME.CO.ZA*67045DCE844F4C7ABC7E,""
BUILDERS.CO.ZA*4DBF92DBB9E542FF810D,""
STARBUCKS GIFT CARD*14197AD705F3429FA354,""
STARBUCKS GIFT CARD*7E429451F72D40789FE8,""
STARBUCKS GIFT CARD*718C22B7E38D4017A80A,""
EDREAMS*DD2BCFE91A164C0784A4,""
EDREAMS*A417CA624F1C4681964B,""
EDREAMS*AEFD613C8F4942E0AF93,""
MERCADOLIBRE*CF6DA445B3084B83964C,""
MERCADOLIBRE*51E1D572ED64480DB004,""
MERCADOLIBRE*53C2FEEA9E0942C68A78,""
GAME.CO.ZA*05B40E2106454BA08E01,""
BUILDERS.CO.ZA*729067865C7547E6B7A1,""
STARBUCKS GIFT CARD*1A7518288A304B52BCF5,""
STARBUCKS GIFT CARD*499FB8FD9A3F4AB680E4,""
STARBUCKS GIFT CARD*43A25887271349A889F9,""
EDREAMS*8939B5AD775040CFB446,""
EDREAMS*213EF2B6E90545D3B2BE,""
EDREAMS*96665564A4CE4E0796A0,""
MERCADOLIBRE*AF25B46200BA499BAF27,""
MERCADOLIBRE*84E2CC5C72154827B5DA,""
MERCADOLIBRE*BB9BD21B7C8346CE9D76,""
GAME.CO.ZA*29BACB2D12C14960BF18,""
BUILDERS.CO.ZA*CA23EC5D374E4911916F,""
STARBUCKS GIFT CARD*7329AF05DCD54233A766,""
STARBUCKS GIFT CARD*353BF8BCD9EA4908A2B8,""
STARBUCKS GIFT CARD*DB8BFA384ADE4002A878,""
EDREAMS*18E0E83B97694D049BB4,""
EDREAMS*26A6067D595443599FAE,""
EDREAMS*FA2AB0551A874DF0B27F,""
MERCADOLIBRE*53CDC2758F4B414F80BB,""
MERCADOLIBRE*8B939915A37A4AE4BD06,""
MERCADOLIBRE*CC99722614924B378CB0,""
GAME.CO.ZA*DB638168425E4741B16D,""
BUILDERS.CO.ZA*C35B058B9F994030B024,""
STARBUCKS GIFT CARD*EBA7D8BEA9A74C529690,""
STARBUCKS GIFT CARD*37FA413DBA1F477FBE6F,""
STARBUCKS GIFT CARD*C56EA4822BBD47A0B94C,""
EDREAMS*3611B8AAFE144C698650,""
EDREAMS*E521129ED91D4A09BFAD,""
EDREAMS*8E4759A9D5FF4BB29D20,""
MERCADOLIBRE*91AAC459C1FC4509BE6C,""
MERCADOLIBRE*AA107596A7DC48DC8B2F,""
MERCADOLIBRE*B80F963A623F4236904D,""
GAME.CO.ZA*95A1F5FA6B9C4346B3EA,""
BUILDERS.CO.ZA*39260215511B4286AF2B,""
STARBUCKS GIFT CARD*63D4FE0D2A38489E8AEC,""
STARBUCKS GIFT CARD*578928E08EF942D382FA,""
STARBUCKS GIFT CARD*77208EB36486457A900D,""
EDREAMS*F3F6E6FB63964118B959,""
EDREAMS*15ECB896906E40A9A4F2,""
EDREAMS*4184DD8A465D4A2F85F7,""
MERCADOLIBRE*5BC9208C09D845C18DBC,""
MERCADOLIBRE*39424C4F907C402BB9AC,""
MERCADOLIBRE*DA3EDE7070BF4730A98C,""
GAME.CO.ZA*9228FA4BCDD54F19901E,""
BUILDERS.CO.ZA*E3A3BB6246644043B7E2,""
STARBUCKS GIFT CARD*0A81FD397CD24565851E,""
STARBUCKS GIFT CARD*FBE645DBC48E410D977F,""
STARBUCKS GIFT CARD*0DF7585B4EA44A6DA931,""
EDREAMS*DBB9AD3CAFC6438683EF,""
EDREAMS*AF233EDACB2A42EA85C4,""
EDREAMS*9AE1FE55003F4AACA479,""
MERCADOLIBRE*3C7124FEDB4E4934A396,""
MERCADOLIBRE*DC0861E5B7BD4B669B75,""
MERCADOLIBRE*046F9762AFD84C64BB65,""
GAME.CO.ZA*6B3D74B8708440A8A5A7,""
BUILDERS.CO.ZA*CF410E78576441D3A252,""
STARBUCKS GIFT CARD*1DEADDAFE8454166A68E,""
STARBUCKS GIFT CARD*660FF18551124F9F85F6,""
STARBUCKS GIFT CARD*097460BF06E04C6FB3A4,""
EDREAMS*427CEB278ECD446FBD94,""
EDREAMS*749526111D0A41E297B9,""
EDREAMS*073CD252AD6C45E99D56,""
MERCADOLIBRE*DD4927F523C743878324,""
MERCADOLIBRE*FC48BE40D3B34DF49FDB,""
MERCADOLIBRE*3554CAD1750D4296AC5A,""
GAME.CO.ZA*368EA95C93DA4AEDAE66,""
BUILDERS.CO.ZA*72AB62DA320146959EA2,""
STARBUCKS GIFT CARD*9F2C19037D464FCEAF8D,""
STARBUCKS GIFT CARD*50B687C31A0E4CEBB34E,""
STARBUCKS GIFT CARD*9FAC57FAB56743D78CC7,""
EDREAMS*0A62AC7ABBB242F98A6C,""
EDREAMS*3BB60B513C274D2E8495,""
EDREAMS*5B4118BBBF05458687E3,""
MERCADOLIBRE*B2526885BEC941459EB7,""
MERCADOLIBRE*008574E242DF4001B76C,""
MERCADOLIBRE*E0D8ECD9257F4107B8AF,""
GAME.CO.ZA*7CFC4DC997C34C47AEE7,""
BUILDERS.CO.ZA*CDB1E19F4500452BBBD2,""
STARBUCKS GIFT CARD*62553C9D766F431B8EBD,""
STARBUCKS GIFT CARD*8AB21602E89243FA89FF,""
STARBUCKS GIFT CARD*B2E8229A510D4BA58426,""
EDREAMS*3A7CDFA3EA4A4641BD17,""
EDREAMS*1BCA5F7687C648068285,""
EDREAMS*5B442425D3744EDABA77,""
MERCADOLIBRE*81EFE3BE6D774D5B9C56,""
MERCADOLIBRE*2BE790C3A0AF4C5FAC57,""
MERCADOLIBRE*1FB72EF413794512AC67,""
GAME.CO.ZA*50876A4186604C489E79,""
BUILDERS.CO.ZA*3E645354AE334AC891DF,""
STARBUCKS GIFT CARD*865F035289A94928A34A,""
STARBUCKS GIFT CARD*CDB693F7B069491288C6,""
STARBUCKS GIFT CARD*A1FEDF47E159473AA782,""
EDREAMS*302E751C9C114935B4A6,""
EDREAMS*86DD647E98BC4F92B8DD,""
EDREAMS*C5031D46E8FF49BB8BBF,""
MERCADOLIBRE*DD9BC3EAADD74C238154,""
MERCADOLIBRE*7FADADE0E9664791875A,""
MERCADOLIBRE*6086D2FBFFBF46CEB477,""
GAME.CO.ZA*155AD937A15342A391EC,""
BUILDERS.CO.ZA*9B076A88A1D44AA1A079,""
STARBUCKS GIFT CARD*3B357EEE58E84B6B87D2,""
STARBUCKS GIFT CARD*3878F1FEC65B428CAC30,""
STARBUCKS GIFT CARD*906634A339C5438B812C,""
EDREAMS*E2D34542AAD141DCA64B,""
EDREAMS*43C66FB1AC2949CCAB3F,""
EDREAMS*9B71891AC4E843E6A05F,""
MERCADOLIBRE*2B241DA1983C4B739040,""
MERCADOLIBRE*96A8392AB84747429222,""
MERCADOLIBRE*31667F6E3CC748D48681,""
GAME.CO.ZA*8F04F68E6E834202BB86,""
BUILDERS.CO.ZA*7B911BDEA7AB4A5F8A07,""
STARBUCKS GIFT CARD*10D3E1C8680E42E38925,""
STARBUCKS GIFT CARD*5FBDD4BC866A45ECAB29,""
STARBUCKS GIFT CARD*C337087B643C4501BBA2,""
EDREAMS*BDEA3FDE18BD4F84B577,""
EDREAMS*13F14E0E329F4B029A29,""
EDREAMS*A9F7AFAD0E364C3B92BD,""
MERCADOLIBRE*9BD39E3B54C64C638DB2,""
MERCADOLIBRE*7BDA6EAFE7534EB4B763,""
MERCADOLIBRE*D07DF563960544559240,""
GAME.CO.ZA*6F220E605D2146A1B886,""
BUILDERS.CO.ZA*4D4D512051DE440FA578,""
